,0,1
0,0,game_0:05:07_0:05:40_LogoView.npy
1,0,game_0:05:07_0:05:40_LogoView.npy
2,0,game_0:05:07_0:05:40_LogoView.npy
3,0,game_0:05:07_0:05:40_LogoView.npy
4,0,game_0:05:07_0:05:40_LogoView.npy
5,0,game_0:05:07_0:05:40_LogoView.npy
6,0,game_0:05:07_0:05:40_LogoView.npy
7,0,game_0:05:07_0:05:40_LogoView.npy
8,0,game_0:05:07_0:05:40_LogoView.npy
9,0,game_0:05:07_0:05:40_LogoView.npy
10,0,game_0:05:07_0:05:40_LogoView.npy
11,0,game_0:05:07_0:05:40_LogoView.npy
12,0,game_0:05:07_0:05:40_LogoView.npy
13,0,game_0:05:07_0:05:40_LogoView.npy
14,0,game_0:05:07_0:05:40_LogoView.npy
15,0,game_0:05:07_0:05:40_LogoView.npy
16,0,game_0:05:07_0:05:40_LogoView.npy
17,0,game_0:05:07_0:05:40_LogoView.npy
18,0,game_0:05:07_0:05:40_LogoView.npy
19,0,game_0:05:07_0:05:40_LogoView.npy
20,0,game_0:05:07_0:05:40_LogoView.npy
21,0,game_0:05:07_0:05:40_LogoView.npy
22,0,game_0:05:07_0:05:40_LogoView.npy
23,0,game_0:05:07_0:05:40_LogoView.npy
24,0,game_0:05:07_0:05:40_LogoView.npy
25,0,game_0:05:07_0:05:40_LogoView.npy
26,0,game_0:05:07_0:05:40_LogoView.npy
27,0,game_0:05:07_0:05:40_LogoView.npy
28,0,game_0:05:07_0:05:40_LogoView.npy
29,0,game_0:05:07_0:05:40_LogoView.npy
30,0,game_0:05:07_0:05:40_LogoView.npy
31,0,game_0:05:07_0:05:40_LogoView.npy
32,0,game_0:05:07_0:05:40_LogoView.npy
33,0,game_0:05:07_0:05:40_LogoView.npy
34,0,game_0:05:07_0:05:40_LogoView.npy
35,0,game_0:05:07_0:05:40_LogoView.npy
36,0,game_0:05:07_0:05:40_LogoView.npy
37,0,game_0:05:07_0:05:40_LogoView.npy
38,0,game_0:05:07_0:05:40_LogoView.npy
39,0,game_0:05:07_0:05:40_LogoView.npy
40,0,game_0:05:07_0:05:40_LogoView.npy
41,0,game_0:05:07_0:05:40_LogoView.npy
42,0,game_0:05:07_0:05:40_LogoView.npy
43,0,game_0:05:07_0:05:40_LogoView.npy
44,0,game_0:05:07_0:05:40_LogoView.npy
45,0,game_0:05:07_0:05:40_LogoView.npy
46,0,game_0:05:07_0:05:40_LogoView.npy
47,0,game_0:05:07_0:05:40_LogoView.npy
48,0,game_0:05:07_0:05:40_LogoView.npy
49,0,game_0:05:07_0:05:40_LogoView.npy
50,0,game_0:05:07_0:05:40_LogoView.npy
51,0,game_0:05:07_0:05:40_LogoView.npy
52,0,game_0:05:07_0:05:40_LogoView.npy
53,0,game_0:05:07_0:05:40_LogoView.npy
54,0,game_0:05:07_0:05:40_LogoView.npy
55,0,game_0:05:07_0:05:40_LogoView.npy
56,0,game_0:05:07_0:05:40_LogoView.npy
57,0,game_0:05:07_0:05:40_LogoView.npy
58,0,game_0:05:07_0:05:40_LogoView.npy
59,0,game_0:05:07_0:05:40_LogoView.npy
60,0,game_0:05:07_0:05:40_LogoView.npy
61,0,game_0:05:07_0:05:40_LogoView.npy
62,0,game_0:05:07_0:05:40_LogoView.npy
63,0,game_0:05:07_0:05:40_LogoView.npy
64,0,game_0:05:07_0:05:40_LogoView.npy
65,0,game_0:05:07_0:05:40_LogoView.npy
66,0,game_0:05:07_0:05:40_LogoView.npy
67,0,game_0:05:07_0:05:40_LogoView.npy
68,1,game_0:05:07_0:05:40_LogoView.npy
69,1,game_0:05:07_0:05:40_LogoView.npy
70,1,game_0:05:07_0:05:40_LogoView.npy
71,1,game_0:05:07_0:05:40_LogoView.npy
72,1,game_0:05:07_0:05:40_LogoView.npy
73,1,game_0:05:07_0:05:40_LogoView.npy
74,1,game_0:05:07_0:05:40_LogoView.npy
75,1,game_0:05:07_0:05:40_LogoView.npy
76,1,game_0:05:07_0:05:40_LogoView.npy
77,1,game_0:05:07_0:05:40_LogoView.npy
78,1,game_0:05:07_0:05:40_LogoView.npy
79,1,game_0:05:07_0:05:40_LogoView.npy
80,1,game_0:05:07_0:05:40_LogoView.npy
81,1,game_0:05:07_0:05:40_LogoView.npy
82,1,game_0:05:07_0:05:40_LogoView.npy
83,1,game_0:05:07_0:05:40_LogoView.npy
84,1,game_0:05:07_0:05:40_LogoView.npy
85,1,game_0:05:07_0:05:40_LogoView.npy
86,1,game_0:05:07_0:05:40_LogoView.npy
87,1,game_0:05:07_0:05:40_LogoView.npy
88,1,game_0:05:07_0:05:40_LogoView.npy
89,1,game_0:05:07_0:05:40_LogoView.npy
90,1,game_0:05:07_0:05:40_LogoView.npy
91,1,game_0:05:07_0:05:40_LogoView.npy
92,1,game_0:05:07_0:05:40_LogoView.npy
93,1,game_0:05:07_0:05:40_LogoView.npy
94,1,game_0:05:07_0:05:40_LogoView.npy
